item_id,title,genre
1,The Last Horizon,Action
2,Midnight Circuit,Comedy
3,Paper Lanterns,Drama
4,Echoes of Tomorrow,Sci-Fi
5,Crimson Harbor,Romance
6,The Quiet Algorithm,Thriller
7,Velvet Thunder,Animation
8,Northbound,Horror
9,A Study in Static,Action
10,Glass Mountain,Comedy
11,The Ninth Gate House,Drama
12,Solar Drift,Sci-Fi
13,Whispering Pines,Romance
14,Concrete Gardens,Thriller
15,The Pixel Heist,Animation
16,Lunar Tide,Horror
17,Brass and Bone,Action
18,The Forgotten Reel,Comedy
19,Saltwater Kings,Drama
20,Neon Cathedral,Sci-Fi
21,The Map of Small Things,Romance
22,Ironwood,Thriller
23,Parallel Hearts,Animation
24,The Long Commute,Horror
25,Ashes of Verona,Action
26,Quantum Lullaby,Comedy
27,The Paper Crown,Drama
28,Driftwood County,Sci-Fi
29,Silent Frequency,Romance
30,The Glasshouse Rules,Thriller
31,Cobalt Dreams,Animation
32,The Final Draft,Horror
33,Marrowbone Lane,Action
34,The Cartographer,Comedy
35,Hollow Sun,Drama
36,Tin Can Symphony,Sci-Fi
37,The Velveteen Spy,Romance
38,Breakwater,Thriller
39,The Inheritance Engine,Animation
40,Ghostlight,Horror
